3D Secure,172.16.212.231
3D Secure,172.17.208.57
3D Secure,172.17.208.58
3D Secure,172.17.208.59
3D Secure,172.17.208.60
3D Secure,172.16.215.40
3D Secure,172.16.215.41
3D Secure,172.16.215.42
3D Secure,172.16.215.43
4PL,172.17.211.76
4PL,172.17.211.77
4PL - BD,172.17.211.75
??,172.16.202.15
APP,172.22.192.64
APP,172.22.192.62
APP,172.22.192.61
APP,172.22.192.31
APP,172.22.192.19
APP,172.22.192.73
APP,172.22.192.72
APP,172.22.192.70
APP,172.22.192.69
APP,172.22.192.20
APP,172.22.192.13
APP,172.22.192.68
APP,172.22.192.11
APP,172.22.192.71
APP Y DB,172.22.192.12
Access Manager,172.16.202.241
Access Manager,172.16.202.249
Access Manager,172.16.202.248
Access Manager,172.16.202.247
Access Manager,172.16.202.246
Access Manager,172.16.202.244
Access Manager,172.16.202.243
Access Manager,172.16.202.242
Access Manager,172.16.202.239
Access Manager,172.16.202.232
Access Manager,172.17.211.182
Access Manager,172.16.202.238
Access Manager,172.17.211.163
Access Manager,172.17.211.164
Access Manager,172.17.211.165
Access Manager,172.17.211.166
Access Manager,172.17.211.167
Access Manager,172.17.211.169
Access Manager,172.17.211.170
Access Manager,172.17.211.171
Access Manager,172.17.211.172
Access Manager,172.17.211.175
Access Manager,172.17.211.168
Access Manager,172.17.211.174
Access Manager,172.17.211.181
Access Manager,172.17.211.173
Access Manager,172.17.211.180
Access Manager,172.17.211.179
Access Manager,172.17.211.177
Access Manager,172.17.211.178
Access Manager,172.17.211.187
Access Manager,172.17.211.186
Access Manager,172.17.211.185
Access Manager,172.17.211.176
Administración,172.16.204.51
Administración,172.16.204.77
Administración,172.16.204.100
Administración,172.16.204.50
Administración,172.16.204.143
Administración,172.16.202.96
Administración,172.16.202.245
Administración,172.16.202.126
Administración,172.16.202.186
Administración,172.16.202.46
Administración,172.16.203.207
Administración,172.16.202.54
Administración,172.16.202.187
Administración,172.16.203.208
Administración,172.16.203.102
Administración,172.16.203.209
Administración,172.16.203.210
Administración,172.27.203.244
Administración,172.16.203.179
Administración,172.16.203.100
Administración,172.16.203.21
Administración,172.16.203.180
Administración,172.16.203.101
Administración,172.16.203.22
Administración,172.16.203.177
Administración,172.16.203.178
Administración,172.16.203.103
Administración,172.16.203.24
Administración,172.16.202.73
Administración,172.16.204.75
Administración,172.22.209.48
Administración,172.16.202.49
Administración,172.22.209.46
Administración,172.17.203.59
Administración,172.27.203.135
Administración,172.27.203.50
Administración,172.17.203.11
Administración,172.17.203.234
Administración,172.17.211.46
Administración,172.17.202.121
Administración,172.17.202.120
Administración,172.17.202.119
Administración,172.27.203.109
Administración,172.17.202.118
Administración,172.17.211.205
Administración,172.17.211.217
Administración,172.22.209.47
Administración,172.17.211.204
Administración,172.17.202.245
Administración,172.17.211.45
Administración,172.17.202.126
Administración,172.17.211.40
Administración,172.17.202.100
Administración,172.17.202.117
Administración,172.17.203.95
Administración,172.17.211.203
Administración,172.27.203.184
Administración,172.27.203.146
Administración,172.22.209.40
Administración,172.22.209.245
Administración,172.27.203.243
Administración,172.27.203.242
Administración,172.27.203.241
Administración,172.27.203.183
Administración,172.27.203.187
Administración,172.27.203.149
Administración,172.17.203.196
Administración,172.27.203.182
Administración,172.27.203.186
Administración,172.27.203.148
Administración,172.17.203.195
Administración,172.22.209.45
Administración,172.27.203.147
Administración,172.27.203.181
Administración,172.27.203.185
Administración,172.27.203.180
Administración,172.17.203.96
Administración,172.27.203.71
Allocation,172.16.203.99
Allocation,172.16.204.46
Allocation,172.16.204.45
Allocation,172.16.204.31
Allocation,172.16.203.97
Allocation,172.27.203.120
Allocation,172.27.203.121
Allocation,172.27.203.119
Allocation,172.16.203.98
Ansible,172.16.202.72
App Vendedor,172.17.208.70
App Vendedor,172.17.208.71
App Vendedor,172.17.202.54
App Vendedor,172.16.202.27
App Vendedor,172.16.202.28
App de Surtido SAP,172.17.211.112
BC,172.16.213.250
BC,172.16.213.249
BI Publisher,172.16.202.135
BI Publisher,172.16.202.136
BPC,172.17.202.68
BPC,172.16.203.107
BPC,172.16.204.123
BPC,172.16.204.253
BPC,172.16.203.30
BPC,172.16.203.29
BPC,172.27.203.95
BPC,172.17.203.58
BPC,172.27.203.16
BRIDGE CORE ADAPTER SUB,172.16.215.54
BRIDGE CORE ADAPTER SUB,172.16.215.55
BRIDGECORE ADAPTER LIV,172.16.215.50
BRIDGECORE ADAPTER LIV,172.16.215.51
BRIDGECORE ADAPTER LIV,172.16.215.52
BRIDGECORE ADAPTER LIV,172.16.215.53
BW,172.22.192.16
BW,172.27.203.129
BW,172.22.192.15
BW,172.22.192.5
BW,172.22.192.32
BW,172.22.192.4
BW,172.27.203.227
BW,172.16.204.16
BW,172.16.204.113
BW,172.16.204.14
BW,172.27.203.14
BW,172.22.192.33
BW Hibrido,172.17.202.146
BW Hibrido,172.27.203.124
BW Hibrido,172.16.204.47
BW-X6,172.17.211.23
BW-X6,172.17.211.24
BW-X6,172.17.211.25
BW-X6,171.17.211.22
BW-X6,172.17.211.21
BW4Hana,172.16.202.13
BW4Hana,172.16.202.12
Bases de Datos,172.17.211.104
Betaweb,172.16.202.172
Betaweb,172.16.202.173
Big Data,172.17.211.28
Big Fix,172.17.211.34
Big Fix,172.16.202.233
Big Fix,172.17.211.61
Big Fix,172.17.211.100
Big Fix,172.17.211.27
Bridgcore Tiendas fisico QA,172.22.209.218
Bridge Core,172.22.209.113
Bridge Core Market Place,172.16.215.103
Bridge Core Market Place,172.16.215.104
Broker,172.16.204.132
Broker,172.16.204.134
Broker,172.16.203.204
Broker,172.16.203.145
Broker,172.16.203.146
Broker,172.17.203.69
Broker,172.16.204.212
Broker,172.16.204.117
Broker,172.16.204.68
Broker,172.16.204.157
Broker,172.16.204.213
Broker,172.16.204.52
Broker,172.27.203.204
Broker,172.16.204.55
Broker,172.16.204.53
Broker,172.16.204.67
Broker,172.17.203.156
Broker,172.17.203.155
Broker,172.17.203.158
Broker,172.16.204.158
Broker,172.17.203.157
Broker,172.17.203.151
Broker,172.17.203.141
Broker,172.16.204.54
Broker,172.16.204.103
Broker,172.16.204.78
Broker,172.16.203.203
Broker,172.17.203.127
Broker,172.17.203.119
Broker,172.17.203.115
Broker,172.17.203.12
Broker,172.27.203.206
Broker,172.27.203.205
Broker,172.17.203.124
Broker,172.17.203.123
Broker,172.17.203.152
Broker,172.17.203.144
Broker,172.16.204.99
Broker,172.17.203.143
Broker,172.17.203.154
Broker,172.17.203.153
Broker,172.21.203.30
Broker,172.27.203.203
Broker,172.27.203.202
Broker,172.17.203.134
Broker,172.17.203.120
Broker,172.27.203.11
Broker,172.16.204.27
Broker,172.16.203.143
Broker,172.16.203.142
Broker,172.16.203.141
Broker,172.17.203.207
Broker,172.16.203.64
Broker,172.16.204.115
Broker,172.16.204.112
Broker,172.16.204.105
Broker,172.16.203.144
Broker,172.16.203.65
Broker,172.16.204.152
Broker,172.16.204.104
Broker,172.16.204.200
Broker,172.16.204.153
Broker,172.16.203.202
Broker,172.27.203.201
Broker,172.16.204.188
Broker,172.16.204.151
CC,172.17.202.21
COLECTOR DYNATRACE,172.16.215.85
CRM,172.16.202.166
CRM,172.16.203.135
CRM,172.16.203.133
CRM,172.16.203.125
CRM,172.16.203.124
CRM,172.16.203.72
CRM,172.16.204.59
CRM,172.16.202.53
CRM,172.16.202.24
CRM,172.16.202.167
CRM,172.16.203.126
CRM,172.27.203.42
CRM,172.27.203.88
CRM,172.27.203.51
CRM,172.27.203.49
CRM,172.27.203.55
CRM,172.27.203.54
CRM,172.27.203.53
CRM,172.27.203.52
CRM,172.27.203.5
CRM,172.27.203.87
CRM,172.27.203.43
CRM,172.16.204.194
CRM,172.27.203.89
CRM,172.16.204.229
CRM,172.27.203.40
CRM,172.27.203.41
CUD,172.16.202.169
Central Finance,172.27.203.144
Central Finance,172.17.203.80
Central Finance,172.27.203.112
Central Finance,172.27.203.170
Central Finance,172.17.203.20
Central Finance,172.16.202.137
Central Finance,172.16.202.99
Central Finance,172.16.203.134
Central Finance,172.16.202.153
Central Finance SLT,172.16.202.203
Cobranza,172.27.203.31
Cobranza,172.16.204.35
Cobranza,172.16.204.202
Cobranza,172.16.204.147
Cobranza,172.17.203.146
Cobranza,172.17.203.145
Cobranza,172.16.203.63
Content Manager,172.27.203.34
Content Manager,172.17.211.91
Content Manager,172.17.211.92
Content Manager,172.27.203.68
Content Manager,172.17.203.202
Content Manager,172.17.203.99
Content Manager,172.17.203.98
Content Manager,172.17.203.101
Content Manager,172.27.203.33
Content Manager,172.27.203.32
Content Manager,172.16.203.54
Content Manager,172.17.203.24
Content Manager,172.17.203.18
Content Manager,172.16.204.64
Content Manager,172.16.204.83
Content Manager,172.16.203.62
Content Manager,172.16.203.229
Content Manager,172.16.204.215
Content Manager,172.16.203.39
Content Manager,172.16.203.52
Content Manager,172.16.204.49
Content Manager SIS,172.16.202.68
Content Manager SIS,172.16.202.67
ControlD,172.17.211.192
ControlD,172.16.202.119
ControlM,172.16.202.117
ControlM,172.21.210.28
ControlM,172.16.203.140
ControlM,172.17.203.236
ControlM,172.16.202.86
ControlM,172.17.211.228
ControlM,172.27.203.153
ControlM,172.16.202.118
ControlM,172.17.203.237
ControlM,172.16.202.85
Crédito,172.21.202.43
Crédito,172.21.202.40
Crédito,172.21.202.44
Crédito,172.21.202.45
Crédito,172.17.208.202
Crédito,172.17.208.203
Crédito,172.17.208.204
Crédito,172.17.208.205
Crédito,172.17.208.206
Crédito,172.17.208.207
Crédito,172.21.202.41
Crédito,172.17.208.80
Crédito,172.21.202.47
Crédito,172.17.208.173
Crédito,172.17.208.174
Crédito,172.16.202.251
Crédito,172.16.202.252
Crédito,172.16.202.253
Crédito,172.16.202.254
Crédito,172.17.208.119
Crédito,172.17.208.120
Crédito,172.21.202.42
Crédito,172.17.208.121
Crédito Liverpool,172.17.208.116
Crédito Liverpool,172.16.215.68
Crédito Liverpool,172.17.208.112
Crédito Liverpool,172.17.208.113
Crédito Liverpool,172.17.208.114
Crédito Liverpool,172.17.208.115
Crédito Liverpool,172.17.208.117
Crédito Liverpool,172.17.208.118
Crédito Liverpool,172.17.208.47
Crédito Liverpool,172.16.213.102
Crédito Liverpool,172.16.213.103
Crédito Liverpool,172.16.213.104
Crédito Liverpool,172.16.215.71
Crédito Liverpool,172.16.213.105
Crédito Liverpool,172.16.213.107
Crédito Liverpool,172.16.213.108
Crédito Liverpool,172.16.213.109
Crédito Liverpool,172.16.215.70
Crédito Liverpool,172.16.215.69
Crédito Liverpool,172.16.215.67
Crédito Liverpool,172.16.215.66
Crédito Liverpool,172.16.215.65
Crédito Liverpool,172.16.215.64
Crédito Liverpool,172.16.213.106
Crédito Liverpool,172.16.215.87
Crédito Suburbia,172.16.215.75
Crédito Suburbia,172.16.215.76
Crédito Suburbia,172.16.215.73
Crédito Suburbia,172.16.215.72
Crédito Suburbia,172.16.215.74
Crédito Suburbia,172.16.215.158
Crédito Suburbia,172.16.215.157
Crédito Suburbia,172.16.215.156
Crédito Suburbia,172.16.215.77
DB,172.22.192.66
DB,172.22.192.67
DB,172.22.192.21
DB,172.22.192.60
DB,172.22.192.59
DB,172.22.192.10
DB,172.22.192.63
DB,172.22.192.65
DB,172.22.192.30
DESCARGABLES,172.16.215.84
DESCARGABLES,172.16.215.83
DLP,172.22.209.92
DLP,172.22.209.93
DLP,172.22.209.94
Datastage,172.22.209.247
Datastage,172.22.209.100
Datastage,172.22.209.97
Datastage,172.17.211.74
Datastage,172.17.211.73
Datastage,172.17.202.90
Datastage,172.17.202.91
Datastage,172.22.209.248
Datawarehouse Suburbia,172.21.203.24
Datawarehouse Suburbia,172.21.203.25
Datawarehouse Suburbia,172.21.210.25
Datawarehouse Suburbia,172.21.210.24
Digitalización-Credito,172.17.211.47
Digitalización-Credito,172.16.202.107
Digitalización-Credito,172.16.202.146
Digitalización-Credito,172.16.202.133
Digitalización-Credito,172.16.202.65
Digitalización-Credito,172.16.202.141
Digitalización-Credito,172.16.202.145
Digitalización-Credito,172.16.202.115
Digitalización-Credito,172.16.202.64
Digitalización-Credito,172.16.202.114
Digitalización-Credito,172.17.211.43
Digitalización-Credito,172.17.208.179
Digitalización-Credito,172.17.208.178
Digitalización-Credito,172.17.211.44
Digitalización-Credito,172.17.208.33
Digitalización-Credito,172.17.208.32
Digitalización-Credito,172.17.208.31
Digitalización-Credito,172.16.202.113
Digitalización-Credito,172.17.211.107
Dynatrace,172.27.203.130
Dynatrace,172.16.202.95
Dynatrace,172.16.202.100
Dynatrace,172.17.207.29
Dynatrace,172.16.212.108
Dynatrace,172.16.203.82
Dynatrace,172.16.203.132
Dynatrace,172.17.208.214
Dynatrace,172.17.208.40
Dynatrace,172.27.203.189
Dynatrace,172.17.208.90
Dynatrace,172.17.202.140
Dynatrace,172.17.211.201
Dynatrace,172.17.208.111
Dynatrace,172.17.211.193
Dynatrace,172.17.202.108
Dynatrace,172.17.212.102
ECC,172.16.204.238
ECC,172.16.204.242
ECC,172.16.204.243
ECC,172.16.204.10
ECC,172.16.204.6
ECC,172.16.204.218
ECC,172.16.204.219
ECC,172.16.204.74
ECC,172.16.204.11
ECC,172.17.203.74
ECC,172.16.204.244
ECC,172.27.203.9
ECC,172.27.203.190
ECC,172.27.203.35
ECC,172.27.203.22
ECC,172.27.203.13
ECC,172.27.203.12
ECC,172.27.203.21
ECC,172.27.203.4
ECC,172.27.203.28
ECC,172.27.203.6
EWM,172.16.203.31
EWM,172.16.203.211
EWM,172.22.192.51
EWM,172.22.192.8
EWM,172.27.203.235
EWM,172.22.192.6
EWM,172.22.192.7
EWM,172.22.192.50
EWM,172.22.192.9
EWM,172.16.203.183
Endeca ID,172.22.209.155
Endeca ID,172.22.209.146
Endeca ID,172.22.209.221
Endeca ID,172.17.202.42
Endeca ID,172.17.202.41
Endeca ID,172.17.202.44
Endeca ID,172.17.202.43
Estados de Cuenta,172.17.211.190
Extranet,172.17.203.243
Extranet,172.17.203.75
FIM,172.17.211.114
FMS,172.16.215.154
FMS,172.16.215.153
"FMS, CYBER SOURCE LIV",172.16.215.23
"FMS, CYBER SOURCE LIV",172.16.215.22
"FMS, CYBER SOURCE LIV",172.16.215.21
"FMS, CYBER SOURCE SUB",172.16.215.25
"FMS, CYBER SOURCE SUB",172.16.215.24
"FMS, CYBER SOURCE SUB",172.16.215.26
FTP,172.16.202.74
FYR,172.16.202.123
FYR,172.17.203.76
FYR,172.17.203.77
FYR,172.16.202.122
FYR,172.16.204.8
FYR,172.16.204.65
FYR,172.16.204.204
FYR,172.16.204.222
FYR,172.16.204.223
FYR,172.17.203.73
FYR,172.17.203.71
FYR,172.16.204.205
FYR,172.17.211.225
FYR,172.17.203.65
Factura Electronica,172.16.204.57
Factura Electronica,172.17.203.57
Fecha Estimada Entrega,172.16.213.160
Fecha Estimada Entrega,172.16.215.61
Fecha Estimada Entrega,172.16.215.62
Fecha Estimada Entrega,172.17.208.46
Fecha Estimada Entrega,172.16.215.63
Fecha Estimada Entrega,172.17.208.44
Fecha Estimada Entrega,172.17.208.45
Fecha Estimada Entrega,172.16.215.86
GDM,172.21.203.21
GDM,172.21.210.21
GR Adapter,172.16.215.58
GR Adapter,172.16.215.112
GR Adapter,172.16.215.60
GR Adapter,172.16.215.59
GR Adapter,172.16.215.57
GR Adapter,172.16.215.113
GR Adapter,172.17.208.181
GR Adapter,172.17.208.180
GR Adapter,172.16.215.56
Galamanager,172.17.211.36
Galamanager,172.17.211.33
HBQ Master,172.16.202.57
HBQ Master,172.16.202.56
HBQ Master,172.16.202.55
HBQ Master,172.16.202.58
Hana,172.17.211.103
HanaSLT,172.16.203.74
HanaSLT,172.16.204.62
HanaSLT,172.27.203.18
HanaSLT,172.17.203.108
HanaSLT,172.16.204.19
IDM,172.22.209.243
IDM,172.22.209.242
IDM,172.22.209.241
IDM,172.22.209.240
IDM,172.22.209.239
IDM,172.17.211.86
IDM,172.17.211.83
IDM,172.17.211.84
IDM,172.17.211.82
IDM,172.17.211.81
IDM,172.17.211.80
IDM,172.22.209.244
IDM,172.17.211.85
IDM,172.22.209.246
ILMT,172.17.211.215
ILMT,172.17.211.213
IPS,172.17.211.48
ITR,172.17.202.176
ITR,172.17.202.177
ITR,172.17.202.178
Imágenes,172.17.202.36
JBoss Interno,172.16.202.112
JBoss Interno,172.16.213.248
JBoss Interno,172.16.213.247
JBoss Interno,172.16.202.111
JBoss Interno,172.16.202.110
JBoss Interno,172.17.211.209
JBoss Interno,172.17.211.208
JBoss Interno,172.17.211.207
JBoss Interno,172.16.202.109
Jboss ,172.16.202.88
Jboss ,172.16.202.87
Jurídico,172.17.211.191
Jurídico,172.16.202.213
Logistica,172.16.204.41
Logistica,172.16.203.227
Logistica,172.16.203.167
Logistica,172.17.203.160
Logistica,172.16.203.184
Logistica,172.16.203.185
Logistica,172.16.204.38
Logistica,172.16.203.200
Logistica,172.16.203.172
Logistica,172.16.203.199
Logistica,172.17.203.41
Logistica,172.17.203.38
Logistica,172.17.203.39
Logistica,172.17.203.201
Logistica,172.17.203.48
Logistica,172.17.203.64
Logistica,172.17.203.70
Logistica,172.17.203.235
Logistica,172.17.211.29
Logistica,172.16.203.228
Logística,172.16.202.50
MDM,172.16.202.157
MDM,172.16.202.154
MDM,172.16.202.155
MDM,172.16.202.121
MDM,172.16.202.158
MDM,172.16.202.152
MDM,172.16.202.160
MDM,172.16.202.161
MDM,172.16.202.163
MDM,172.16.202.211
MDM,172.16.202.159
MDM,172.16.202.151
MDM,172.17.211.130
MDM,172.17.211.139
MDM,172.17.211.129
MDM,21.21.21.2
MDM,172.17.211.131
MDM,172.17.211.133
MDM,172.17.211.134
MDM,172.17.211.132
MDM,172.17.211.136
MDM,172.17.211.137
MDM,172.17.211.138
MDM,21.21.21.1
MDM,172.17.211.135
Mesa de Regalos,172.17.208.208
Mesa de Regalos,172.17.208.210
Mesa de Regalos,172.17.208.211
Mineria de Datos,172.17.203.45
Mineria de Datos,172.17.203.44
Mineria de Datos,172.17.203.138
Mineria de Datos,172.27.203.155
Mineria de Datos,172.17.203.7
Mineria de Datos,172.17.203.51
Minería de Datos,172.17.211.41
Minería de Datos,172.17.211.38
Monitoreo,172.17.211.95
Monitoreo,172.17.211.96
Monitoreo,172.17.211.97
Monitoreo BD,172.16.202.204
Monitoreo Bases de Datos,172.17.211.108
Monitoreo CC,172.16.215.124
Monitoreo EMC,172.16.202.66
Monitoreo Hana,172.17.202.252
Monitoreo de Tráfico,172.17.208.215
NOC,172.17.211.101
NPUM,172.22.209.36
NPUM,172.16.202.44
NPUM,172.22.209.35
NPUM,172.22.209.37
NPUM,172.17.211.60
NPUM,172.17.211.59
NPUM,172.22.209.34
News Letter SB,172.21.202.25
Optica,172.17.203.72
Optica,172.27.203.24
PDM,172.17.211.31
PDM,172.17.202.170
PDM,172.17.202.172
PDM,172.17.202.173
PDM,172.17.202.174
PDM,172.17.202.175
PDM -DRP,172.16.202.218
PDM -DRP,172.16.202.216
PDM -DRP,172.16.202.217
PL4,172.16.202.199
PL4,172.16.202.77
PL4,172.16.202.78
PL4,172.16.202.80
PMR,172.16.204.40
PMR,172.16.204.21
PMR,172.16.204.26
PMR,172.16.204.32
PMR,172.16.204.240
PMR,172.16.204.90
PMR,172.16.202.22
PMR,172.27.203.128
PMR,172.16.202.235
PMR,172.27.203.125
PMR,172.27.203.127
PMR,172.27.203.39
PMR,172.27.203.126
PMR,172.16.202.21
PMR / BPC,172.16.202.230
PMR Analitico / BW,172.16.202.231
PMR Analítico,172.27.203.122
PMR Analítico,172.16.203.191
PMR Analítico,172.16.203.170
PMR Transaccional,172.17.202.137
PMR Transaccional,172.17.202.138
POS DM,172.17.211.102
POS Market Place,172.16.215.107
POS Market Place,172.16.215.105
PPM,172.17.206.9
PPM,172.17.206.8
PPM,172.16.201.20
Pagina GR,172.16.212.90
Pagina GR,172.16.212.89
Pagina GR,172.16.212.88
Pagina GR,172.16.212.87
Pagina GR,172.16.212.41
Pagina GR,172.16.212.40
Pagina GR,172.17.212.173
Pagina GR,172.16.212.38
Pagina GR,172.17.212.169
Pagina GR,172.17.212.170
Pagina GR,172.17.212.171
Pagina GR,172.17.212.175
Pagina GR,172.17.212.174
Pagina GR,172.16.212.129
Pagina GR,172.16.212.39
Pagina GR,172.16.212.151
Pagina GR,172.17.212.172
Pagina GR,172.17.212.158
Pagina GR,172.17.212.159
Pagina GR,172.17.212.160
Pagina GR,172.17.212.161
Pagina GR,172.17.212.162
Pagina GR,172.17.212.163
Pagina GR,172.16.212.130
Pagina GR,172.16.212.132
Pagina GR,172.17.212.177
Pagina GR,172.17.212.178
Pagina GR,172.17.212.165
Pagina GR,172.17.212.166
Pagina GR,172.17.212.167
Pagina GR,172.17.212.168
Pagina GR,172.17.212.176
Pagina GR,172.16.212.131
Pagina GR,172.17.212.164
Pagina GR,172.16.212.152
Pagina GR,172.16.212.185
Pagina GR,172.16.212.92
Pagina GR,172.16.212.91
Pagina GR,172.16.212.154
Pagina GR,172.16.212.140
Pagina GR,172.16.212.139
Pagina GR,172.16.212.153
Pagina PWA,172.16.212.24
Pagina PWA,172.16.212.76
Pagina PWA,172.16.212.75
Pagina PWA,172.16.212.74
Pagina PWA,172.16.212.73
Pagina PWA,172.16.212.72
Pagina PWA,172.16.212.71
Pagina PWA,172.16.212.70
Pagina PWA,172.16.212.69
Pagina PWA,172.16.212.68
Pagina PWA,172.16.212.67
Pagina PWA,172.16.212.66
Pagina PWA,172.16.212.65
Pagina PWA,172.16.212.64
Pagina PWA,172.16.212.63
Pagina PWA,172.16.212.62
Pagina PWA,172.16.212.61
Pagina PWA,172.16.212.77
Pagina PWA,172.16.212.78
Pagina PWA,172.16.212.79
Pagina PWA,172.16.212.80
Pagina PWA,172.16.212.141
Pagina PWA,172.16.212.128
Pagina PWA,172.16.212.127
Pagina PWA,172.16.212.126
Pagina PWA,172.16.212.125
Pagina PWA,172.16.212.124
Pagina PWA,172.16.212.123
Pagina PWA,172.16.212.122
Pagina PWA,172.16.212.121
Pagina PWA,172.16.212.120
Pagina PWA,172.16.212.119
Pagina PWA,172.16.212.118
Pagina PWA,172.16.212.136
Pagina PWA,172.16.212.116
Pagina PWA,172.16.212.115
Pagina PWA,172.16.212.114
Pagina PWA,172.16.212.113
Pagina PWA,172.16.212.112
Pagina PWA,172.16.212.111
Pagina PWA,172.16.212.86
Pagina PWA,172.16.212.85
Pagina PWA,172.16.212.84
Pagina PWA,172.16.212.83
Pagina PWA,172.16.212.82
Pagina PWA,172.16.212.81
Pagina PWA,172.16.212.60
Pagina PWA,172.16.212.59
Pagina PWA,172.16.212.55
Pagina PWA,172.16.212.57
Pagina PWA,172.16.212.142
Pagina PWA,172.17.212.135
Pagina PWA,172.17.212.136
Pagina PWA,172.17.212.137
Pagina PWA,172.17.212.129
Pagina PWA,172.17.212.101
Pagina PWA,172.17.212.100
Pagina PWA,172.17.212.206
Pagina PWA,172.17.212.207
Pagina PWA,172.17.212.140
Pagina PWA,172.17.212.139
Pagina PWA,172.17.212.130
Pagina PWA,172.17.212.214
Pagina PWA,172.17.212.215
Pagina PWA,172.17.212.216
Pagina PWA,172.17.212.217
Pagina PWA,172.16.212.21
Pagina PWA,172.16.212.22
Pagina PWA,172.16.212.27
Pagina PWA,172.16.212.26
Pagina PWA,172.16.212.25
Pagina PWA,172.17.212.134
Pagina PWA,172.16.212.58
Pagina PWA,172.17.212.133
Pagina PWA,172.16.212.28
Pagina PWA,172.16.212.56
Pagina PWA,172.16.212.23
Pagina PWA,172.16.212.54
Pagina PWA,172.16.212.53
Pagina PWA,172.16.212.52
Pagina PWA,172.16.212.51
Pagina PWA,172.16.212.37
Pagina PWA,172.16.212.36
Pagina PWA,172.16.212.35
Pagina PWA,172.16.212.34
Pagina PWA,172.16.212.33
Pagina PWA,172.16.212.32
Pagina PWA,172.16.212.31
Pagina PWA,172.16.212.30
Pagina PWA,172.17.212.204
Pagina PWA,172.17.212.205
Pagina PWA,172.17.212.210
Pagina PWA,172.17.212.211
Pagina PWA,172.17.212.131
Pagina PWA,172.17.212.138
Pagina PWA,172.16.212.29
Pagina PWA,172.17.212.132
Pagina PWA,172.16.212.143
Pagina PWA,172.17.212.123
Pagina PWA,172.16.212.145
Pagina PWA,172.17.212.120
Pagina PWA,172.17.212.119
Pagina PWA,172.17.212.77
Pagina PWA,172.17.212.78
Pagina PWA,172.17.212.121
Pagina PWA,172.17.212.80
Pagina PWA,172.17.212.106
Pagina PWA,172.17.212.107
Pagina PWA,172.17.212.108
Pagina PWA,172.17.212.109
Pagina PWA,172.17.212.85
Pagina PWA,172.17.212.149
Pagina PWA,172.17.212.150
Pagina PWA,172.17.212.151
Pagina PWA,172.17.212.152
Pagina PWA,172.17.212.153
Pagina PWA,172.17.212.154
Pagina PWA,172.17.212.155
Pagina PWA,172.17.212.156
Pagina PWA,172.17.212.198
Pagina PWA,172.17.212.199
Pagina PWA,172.17.212.111
Pagina PWA,172.17.212.186
Pagina PWA,172.17.212.73
Pagina PWA,172.17.212.71
Pagina PWA,172.17.212.103
Pagina PWA,172.17.212.110
Pagina PWA,172.17.212.104
Pagina PWA,172.17.212.105
Pagina PWA,172.17.212.127
Pagina PWA,172.17.212.128
Pagina PWA,172.17.212.114
Pagina PWA,172.17.212.115
Pagina PWA,172.17.212.116
Pagina PWA,172.17.212.117
Pagina PWA,172.17.212.118
Pagina PWA,172.17.212.113
Pagina PWA,172.17.212.124
Pagina PWA,172.17.212.125
Pagina PWA,172.17.212.64
Pagina PWA,172.17.212.65
Pagina PWA,172.17.212.66
Pagina PWA,172.17.212.112
Pagina PWA,172.17.212.122
Pagina PWA,172.17.212.148
Pagina PWA,172.17.212.126
Pagina PWA,172.17.212.72
Pagina PWA,172.16.212.144
Pagina PWA,172.17.212.187
Pagina PWA,172.17.212.189
Pagina PWA,172.16.212.138
Pagina PWA,172.16.212.137
Pagina PWA,172.16.212.110
Pagina PWA,172.16.212.109
Pagina PWA,172.16.212.102
Pagina PWA,172.16.212.101
Pagina PWA,172.16.212.50
Pagina PWA,172.16.212.49
Pagina PWA,172.16.212.48
Pagina PWA,172.16.212.47
Pagina PWA,172.16.212.46
Pagina PWA,172.16.212.165
Pagina PWA,172.16.212.164
Pagina PWA,172.16.212.163
Pagina PWA,172.16.212.162
Pagina PWA,172.16.212.161
Pagina PWA,172.16.212.150
Pagina PWA,172.16.212.149
Pagina PWA,172.16.212.148
Pagina PWA,172.16.212.147
Pagina PWA,172.16.212.146
Pagina PWA,172.17.212.197
Pagina PWA,172.17.212.188
Pagina PWA,172.17.212.196
Pagina PWA,172.17.212.208
Pagina PWA,172.17.212.25
Pagina PWA,172.17.212.26
Pagina PWA,172.17.212.27
Pagina PWA,172.17.212.28
Pagina PWA,172.17.212.29
Pagina PWA,172.17.212.30
Pagina PWA,172.17.212.31
Pagina PWA,172.17.212.32
Pagina PWA,172.17.212.33
Pagina PWA,172.17.212.34
Pagina PWA,172.17.212.35
Pagina PWA,172.17.212.36
Pagina PWA,172.17.212.37
Pagina PWA,172.17.212.141
Pagina PWA,172.17.212.143
Pagina PWA,172.17.212.144
Pagina PWA,172.17.212.145
Pagina PWA,172.17.212.146
Pagina PWA,172.17.212.147
Pagina PWA,172.17.212.142
Pagina PWA,172.17.212.201
Pagina PWA,172.17.212.209
Pagina PWA,172.17.212.157
Pagina PWA/Suburbia,172.16.212.158
Pagina PWA/Suburbia,172.17.212.180
Pagina PWA/Suburbia,172.16.212.157
Pagina PWA/Suburbia,172.16.212.159
Pagina PWA/Suburbia,172.16.212.160
Pagina PWA/Suburbia,172.16.212.133
Pagina PWA/Suburbia,172.16.212.134
Pagina PWA/Suburbia,172.16.212.135
Pagina PWA/Suburbia,172.16.212.244
Pagina PWA/Suburbia,172.16.212.245
Pagina PWA/Suburbia,172.16.212.246
Pagina PWA/Suburbia,172.16.212.247
Pagina PWA/Suburbia,172.16.212.240
Pagina PWA/Suburbia,172.16.212.241
Pagina PWA/Suburbia,172.17.212.179
Pagina PWA/Suburbia,172.16.212.243
Pagina PWA/Suburbia,172.16.212.100
Pagina PWA/Suburbia,172.16.212.156
Pagina PWA/Suburbia,172.16.212.155
Pagina PWA/Suburbia,172.16.212.242
Pagina PWA/Suburbia,172.16.212.44
Pagina PWA/Suburbia,172.17.212.181
Pagina PWA/Suburbia,172.17.212.182
Pagina PWA/Suburbia,172.17.212.183
Pagina PWA/Suburbia,172.17.212.184
Pagina PWA/Suburbia,172.17.212.194
Pagina PWA/Suburbia,172.17.212.195
Pagina PWA/Suburbia,172.17.212.202
Pagina PWA/Suburbia,172.17.212.185
Pagina PWA/Suburbia,172.17.212.193
Pagina PWA/Suburbia,172.17.212.190
Pagina PWA/Suburbia,172.17.212.191
Pagina PWA/Suburbia,172.17.212.192
Pagina PWA/Suburbia,172.17.212.40
Pagina PWA/Suburbia,172.16.212.42
Pagina PWA/Suburbia,172.16.212.43
Pagina PWA/Suburbia,172.17.212.203
Pagina PWA/Suburbia,172.16.212.45
Pagina Suburbia,172.17.208.62
Pagina Suburbia,172.17.208.63
Pagina Suburbia,172.17.208.64
Pagina Suburbia,172.21.209.44
Pagina Suburbia,172.21.209.45
Plantilla app,172.22.192.122
Plantilla db,172.22.192.124
PoC App surtido en tienda,172.16.202.76
Portal Proveedores Suburbia,172.21.202.49
Portal Proveedores Suburbia,172.21.202.50
Portal Proveedores Suburbia,172.21.209.38
Portal Proveedores Suburbia,172.21.202.48
Portal RH,172.17.211.42
Portal RH,172.17.202.11
Portal RH,172.16.202.108
Portal RH,172.16.202.47
Portal Sap,172.17.203.56
Portal Sap,172.17.203.42
Portal Sap,172.16.204.60
Portal Sap,172.16.204.89
Portal Sap,172.16.204.92
Portal Sap,172.16.204.155
Portal Sap,172.16.204.93
Portal Sap,172.16.204.42
Portal Sap,172.16.204.250
Portal Sap,172.16.204.87
Portal Sap,172.16.204.56
Portal Sap,172.16.203.26
Portal Sap,172.16.204.28
Portal Sap,172.16.204.82
Portal Sap,172.17.203.28
Portal Sap,172.17.203.62
Portal Sap,172.17.203.129
Portal Sap,172.17.203.242
Portal Sap,172.17.211.98
Portal Sap,172.17.211.99
Portal Sap,172.17.211.93
Portal Sap,172.17.203.183
Portal Sap,172.17.203.13
Portal Sap,172.17.203.17
Portal Sap,172.27.203.111
Portal Sap,172.17.203.31
Portal Sap,172.17.203.35
Portal Sap,172.17.203.182
Portal Sap,172.17.203.179
Portal Sap,172.17.203.14
Portal Sap,172.17.203.94
Portal Sap,172.17.203.26
Portal Sap y SRM,172.16.202.196
Portal Sap y SRM,172.16.202.185
Posdm,172.16.203.59
Posdm,172.16.203.25
Posdm,172.16.203.27
Posdm,172.16.203.105
Posdm,172.16.203.104
Posdm,172.16.203.28
Posdm,172.16.204.85
Posdm,172.16.204.18
Posdm,172.27.203.139
Posdm,172.27.203.8
Posdm,172.17.203.34
Posdm,172.16.203.51
Posdm,172.16.204.120
Posdm,172.16.204.156
Posdm,172.16.204.30
Proactivenet,172.17.202.98
Proactivenet,172.17.202.97
Proactivenet,172.17.202.94
Proactivenet,172.17.202.87
Proactivenet,172.17.202.169
Proactivenet,172.17.202.127
Proactivenet,172.17.202.25
Proactivenet,172.17.202.128
Proactivenet,172.22.209.87
Proactivenet,172.22.209.128
Proactivenet,172.17.202.96
Proxy,172.22.209.23
Prueba de Concepto,172.16.202.180
Pruebas Deloitte,172.22.209.88
Página,172.16.216.23
Página,172.16.216.24
Página,172.16.216.25
Página,172.16.216.26
Página,172.16.216.27
Página,172.16.216.28
Página,172.16.216.29
Página,172.16.216.30
Página,172.16.216.31
Página,172.16.216.33
Página,172.16.216.34
Página,172.16.216.35
Página,172.16.216.36
Página,172.16.215.240
Página,172.16.215.241
Página,172.16.216.32
Página,172.16.216.22
Página,172.16.213.33
Página,172.16.216.20
Página,172.16.213.188
Página,172.16.213.199
Página,172.16.213.182
Página,172.16.213.183
Página,172.16.213.184
Página,172.16.213.200
Página,172.16.215.137
Página,172.16.215.138
Página,172.16.215.139
Página,172.16.215.140
Página,172.16.213.164
Página,172.16.215.141
Página,172.16.213.201
Página,172.16.213.163
Página,172.16.213.177
Página,172.16.213.179
Página,172.16.213.180
Página,172.16.213.185
Página,172.16.213.186
Página,172.16.213.170
Página,172.16.213.171
Página,172.16.213.172
Página,172.16.215.142
Página,172.16.213.173
Página,172.16.213.208
Página,172.16.213.196
Página,172.16.202.208
Página,172.16.213.202
Página,172.16.213.203
Página,172.16.213.204
Página,172.16.213.198
Página,172.16.215.126
Página,172.16.215.127
Página,172.16.215.128
Página,172.16.215.129
Página,172.16.215.130
Página,172.16.213.197
Página,172.16.215.131
Página,172.16.215.133
Página,172.16.215.134
Página,172.16.215.135
Página,172.16.215.136
Página,172.16.213.205
Página,172.16.213.206
Página,172.16.213.192
Página,172.16.213.193
Página,172.16.213.194
Página,172.16.213.195
Página,172.16.215.132
Página,172.16.202.207
Página,172.16.213.174
Página,172.16.213.176
Página,172.16.213.213
Página,172.16.213.214
Página,172.16.213.216
Página,172.16.213.217
Página,172.16.213.223
Página,172.16.213.224
Página,172.16.213.225
Página,172.16.213.226
Página,172.16.213.227
Página,172.16.213.230
Página,172.16.213.212
Página,172.16.213.231
Página,172.16.213.236
Página,172.16.213.237
Página,172.16.213.125
Página,172.16.213.126
Página,172.16.213.127
Página,172.16.213.128
Página,172.16.213.129
Página,172.16.213.130
Página,172.16.213.131
Página,172.16.213.132
Página,172.16.213.232
Página,172.16.213.175
Página,172.16.213.210
Página,172.16.213.242
Página,172.16.213.189
Página,172.16.213.112
Página,172.16.213.178
Página,172.16.213.209
Página,172.16.213.166
Página,172.16.213.167
Página,172.16.213.168
Página,172.16.213.169
Página,172.16.213.211
Página,172.16.213.219
Página,172.16.213.243
Página,172.16.213.220
Página,172.16.213.222
Página,172.16.213.228
Página,172.16.213.229
Página,172.16.213.233
Página,172.16.213.234
Página,172.16.213.235
Página,172.16.213.238
Página,172.16.213.239
Página,172.16.213.240
Página,172.16.213.241
Página,172.16.213.221
Página,172.16.213.133
Página,172.16.202.206
Página,172.16.212.215
Página,172.16.204.191
Página,172.16.204.192
Página,172.17.208.61
Página,172.17.208.93
Página,172.17.208.41
Página,172.17.208.43
Página,172.17.208.53
Página,172.17.208.54
Página,172.17.208.124
Página,172.17.208.125
Página,172.16.204.190
Página,172.17.208.126
Página,172.17.208.128
Página,172.17.208.129
Página,172.17.208.130
Página,172.17.208.131
Página,172.17.208.132
Página,172.17.208.133
Página,172.17.208.134
Página,172.17.208.135
Página,172.17.208.136
Página,172.17.208.137
Página,172.17.208.127
Página,172.17.208.138
Página,172.16.203.238
Página,172.16.203.83
Página,172.16.216.21
Página,172.17.207.31
Página,172.17.207.34
Página,172.17.207.35
Página,172.17.207.38
Página,172.17.207.39
Página,172.17.207.30
Página,172.17.212.238
Página,172.17.212.239
Página,172.17.212.225
Página,172.16.203.237
Página,172.17.212.226
Página,172.16.212.194
Página,172.16.212.195
Página,172.16.212.196
Página,172.16.212.197
Página,172.16.212.198
Página,172.16.212.235
Página,172.16.212.236
Página,172.16.204.130
Página,172.16.204.224
Página,172.16.204.118
Página,172.17.212.232
Página,172.16.202.205
Página,172.17.208.139
Página,172.17.208.141
Página,172.17.208.168
Página,172.17.208.169
Página,172.17.208.170
Página,172.17.208.28
Página,172.17.208.29
Página,172.17.208.30
Página,172.17.208.190
Página,172.17.208.191
Página,172.17.208.192
Página,172.17.208.193
Página,172.17.208.167
Página,172.16.212.232
Página,172.16.212.230
Página,172.21.209.24
Página,172.16.212.199
Página,172.16.212.200
Página,172.16.212.93
Página,172.16.212.94
Página,172.16.212.95
Página,172.16.212.96
Página,172.16.212.213
Página,172.16.212.214
Página,172.16.212.229
Página,172.17.208.140
Página,172.17.208.166
Página,172.17.208.164
Página,172.17.208.142
Página,172.17.208.143
Página,172.17.208.144
Página,172.17.208.145
Página,172.17.208.146
Página,172.17.208.147
Página,172.17.208.148
Página,172.17.208.149
Página,172.17.208.150
Página,172.17.208.151
Página,172.17.208.165
Página,172.17.208.152
Página,172.17.208.154
Página,172.17.208.155
Página,172.17.208.156
Página,172.17.208.157
Página,172.17.208.158
Página,172.17.208.159
Página,172.17.208.160
Página,172.17.208.161
Página,172.17.208.162
Página,172.17.208.163
Página,172.17.208.153
Página,172.16.213.134
Página,172.16.213.215
Página,172.16.213.136
Página,172.16.213.54
Página,172.16.213.55
Página,172.16.213.56
Página,172.16.213.57
Página,172.16.213.58
Página,172.16.213.59
Página,172.16.215.182
Página,172.16.215.183
Página,172.16.215.184
Página,172.16.215.185
Página,172.16.213.53
Página,172.16.215.186
Página,172.16.215.188
Página,172.16.215.189
Página,172.16.215.190
Página,172.16.215.191
Página,172.16.215.192
Página,172.16.215.193
Página,172.16.215.194
Página,172.16.215.195
Página,172.16.215.196
Página,172.16.215.197
Página,172.16.215.187
Página,172.16.215.227
Página,172.16.213.52
Página,172.16.213.50
Página,172.16.213.26
Página,172.16.213.27
Página,172.16.213.28
Página,172.16.213.29
Página,172.16.213.30
Página,172.16.213.31
Página,172.16.213.32
Página,172.16.213.34
Página,172.16.213.35
Página,172.16.213.36
Página,172.16.213.51
Página,172.16.213.37
Página,172.16.213.39
Página,172.16.213.40
Página,172.16.213.42
Página,172.16.213.43
Página,172.16.213.44
Página,172.16.213.45
Página,172.16.213.135
Página,172.16.213.47
Página,172.16.213.48
Página,172.16.213.49
Página,172.16.213.38
Página,172.16.213.25
Página,172.16.215.228
Página,172.16.215.230
Página,172.16.215.215
Página,172.16.215.216
Página,172.16.215.217
Página,172.16.215.218
Página,172.16.215.219
Página,172.16.215.220
Página,172.16.215.221
Página,172.16.215.222
Página,172.16.215.223
Página,172.16.215.224
Página,172.16.215.214
Página,172.16.215.225
Página,172.16.216.10
Página,172.16.216.11
Página,172.16.216.12
Página,172.16.216.13
Página,172.16.216.14
Página,172.16.216.15
Página,172.16.216.16
Página,172.16.216.17
Página,172.16.216.18
Página,172.16.216.19
Página,172.16.215.226
Página,172.16.215.229
Página,172.16.215.213
Página,172.16.215.211
Página,172.16.215.231
Página,172.16.215.232
Página,172.16.215.233
Página,172.16.215.234
Página,172.16.215.235
Página,172.16.215.236
Página,172.16.215.237
Página,172.16.215.238
Página,172.16.215.239
Página,172.16.215.198
Página,172.16.215.212
Página,172.16.215.199
Página,172.16.215.201
Página,172.16.215.202
Página,172.16.215.203
Página,172.16.215.204
Página,172.16.215.205
Página,172.16.215.206
Página,172.16.215.207
Página,172.16.215.208
Página,172.16.215.209
Página,172.16.215.210
Página,172.16.215.200
Página,172.16.213.24
Página,172.16.213.46
Página,172.16.213.22
Página,172.16.213.111
Página,172.16.213.110
Página,172.16.213.23
Página,172.16.213.114
Página,172.16.213.115
Página,172.16.213.116
Página,172.16.213.117
Página,172.16.213.118
Página,172.16.213.119
Página,172.16.213.120
Página,172.16.213.124
Página,172.16.213.121
Página,172.16.213.95
Página,172.16.213.96
Página,172.16.213.97
Página,172.16.213.98
Página,172.16.213.99
Página,172.16.213.253
Página,172.16.213.100
Página,172.16.213.101
Página,172.16.213.82
Página,172.16.213.83
Página,172.16.213.122
Página,172.16.213.84
Página,172.16.213.123
Página,172.16.213.77
Página,172.16.213.137
Página,172.16.213.138
Página,172.16.213.139
Página,172.16.213.140
Página,172.16.213.144
Página,172.16.213.145
Página,172.16.213.146
Página,172.16.213.147
Página,172.16.213.148
Página,172.16.213.149
Página,172.16.213.80
Página,172.16.213.150
Página,172.16.213.152
Página,172.16.213.153
Página,172.16.213.154
Página,172.16.213.155
Página,172.16.213.157
Página,172.16.213.158
Página,172.16.213.159
Página,172.16.213.156
Página,172.16.213.79
Página,172.16.213.78
Página,172.16.213.151
Página,172.16.213.87
Página,172.16.213.113
Página,172.16.213.85
Página,172.16.202.132
Página,172.16.213.10
Página,172.16.213.11
Página,172.16.213.251
Página,172.16.213.252
Página,172.16.213.12
Página,172.16.213.13
Página,172.16.213.14
Página,172.16.213.15
Página,172.16.213.16
Página,172.16.213.17
Página,172.16.213.18
Página,172.16.213.67
Página,172.16.213.68
Página,172.16.213.69
Página,172.16.213.70
Página,172.16.213.71
Página,172.16.213.76
Página,172.16.213.74
Página,172.16.213.75
Página,172.16.213.21
Página,172.16.202.215
Página,172.16.202.214
Página,172.16.213.72
Página,172.16.215.180
Página,172.16.213.93
Página,172.16.213.94
Página,172.16.213.86
Página,172.16.213.88
Página,172.16.213.89
Página,172.16.213.90
Página,172.16.213.91
Página,172.16.215.181
Página,172.16.215.166
Página,172.16.215.168
Página,172.16.215.169
Página,172.16.215.167
Página,172.16.215.171
Página,172.16.215.179
Página,172.16.215.178
Página,172.16.215.177
Página,172.16.215.170
Página,172.16.213.92
Página,172.16.215.176
Página,172.16.215.174
Página,172.16.215.173
Página,172.16.215.172
Página,172.16.215.175
Págna,172.17.208.42
Redis Crédito Liverpool,172.16.213.244
Redis Crédito Liverpool,172.16.213.245
Redis Crédito Liverpool,172.16.213.246
Remedy,172.17.203.112
Remedy,172.17.202.72
Remedy,172.22.209.173
Remedy,172.22.209.194
Remedy,172.22.209.174
Remedy,172.22.209.175
Remedy,172.22.209.172
Remedy,172.17.202.71
Remedy,172.17.202.74
Remedy,172.17.202.73
Remedy,172.17.202.88
Remedy,172.17.202.95
Remedy,172.17.202.77
Remedy,172.17.202.99
Remedy,172.17.202.86
Remedy,172.17.202.75
Replicación Interna,10.16.96.17
Replicación Interna,172.22.201.95
Replicación Interna,172.22.209.81
Replicación Interna,172.22.209.177
Replicación Interna,172.22.209.27
Replicación Interna,201.116.168.143
Replicación Interna,201.116.168.189
Replicación Interna,201.116.168.222
Replicación Interna,201.116.168.237
Replicación Interna,201.116.168.219
Replicación Interna,201.116.168.224
Replicación Interna,201.116.168.223
Replicación Interna,201.116.168.218
Replicación Interna,201.116.168.217
Replicación Interna,201.116.168.216
Replicación Interna,201.116.168.228
Replicación Interna,201.116.168.215
Replicación de Imágenes,172.21.209.46
Responsys,201.116.168.149
Rollos,172.21.202.39
Rollos,172.17.203.52
S4Hana,172.22.192.40
S4Hana,172.22.192.35
S4Hana,172.22.192.41
S4Hana,172.22.192.34
S4Hana,172.22.192.38
S4Hana,172.16.202.61
S4Hana,172.22.192.78
S4Hana,172.22.192.77
S4Hana,172.22.192.76
S4Hana,172.22.192.75
S4Hana,172.22.192.36
S4Hana Suburbia,172.16.202.149
S4Hana Suburbia,172.16.202.83
SAE,172.16.202.92
SAE,172.16.202.98
SAE,172.17.202.186
SAE,172.17.202.185
SAP Business Process Management,172.16.202.120
SAP CAR,172.17.211.35
SAP CAR,172.16.202.189
SAP CAR,172.16.202.190
SAP HANA,172.16.202.45
SAP HANA,172.16.202.11
SAP HANA,172.16.202.82
SAP HANA,172.16.202.91
SAP HANA,172.16.202.116
SAP HANA,172.16.202.18
SAP Solman,172.17.211.212
SAS,172.17.211.78
SAS,172.17.211.79
SAS,172.17.211.119
SAS,172.17.211.120
SAS,172.17.211.121
SFTP,172.16.202.42
SFTP,172.17.211.20
SFTP,201.116.168.173
SIS,172.16.202.182
SIS,172.27.203.45
SIS,172.17.211.111
SIS,172.17.211.90
SIS,23.23.23.1
SIS,172.17.211.54
SIS,172.16.202.174
SIS,172.17.211.53
SIS,172.27.203.44
SIS,172.27.203.48
SIS,172.27.203.165
SIS,172.27.203.164
SIS,23.23.23.2
SIS,172.16.202.175
SIS,172.16.204.217
SIS,172.16.202.177
SIS,172.16.202.178
SIS,172.16.202.90
SIS,172.16.202.93
SIS,22.22.22.2
SIS,172.16.202.140
SIS,172.16.204.58
SIS,172.16.204.207
SIS,172.16.204.206
SIS,172.16.204.216
SIS,172.27.203.47
SIS,172.16.204.195
SIS,172.16.204.208
SIS,172.16.202.176
SIS,172.27.203.46
SIS,22.22.22.1
SMTP,201.116.168.211
SMTP,201.116.168.253
SMTP,172.17.202.13
SMTP,172.17.202.14
SMTP,201.116.168.233
SMTP,172.22.209.132
SMTP,172.21.253.210
SMTP,201.116.168.142
SMTP CIFRADO,172.17.202.106
SMTP CIFRADO,201.116.168.250
SORTEOS LIV,172.16.215.46
SORTEOS LIV,172.16.215.47
SORTEOS LIV,172.16.215.48
SORTEOS LIV,172.16.215.49
SORTEOS LIV,172.16.215.45
SORTEOS LIV,172.16.215.44
SORTEOS SUBURBIA,172.16.215.82
SORTEOS SUBURBIA,172.16.215.78
SORTEOS SUBURBIA,172.16.215.79
SORTEOS SUBURBIA,172.16.215.80
SORTEOS SUBURBIA,172.16.215.81
SPLUNK,172.17.202.141
SPLUNK,172.17.202.147
SPLUNK,172.17.202.116
SPLUNK,172.17.202.155
SPLUNK,172.17.202.156
SPLUNK,172.17.202.158
SPLUNK,172.17.202.145
SPLUNK,172.17.202.142
SPLUNK,172.17.202.159
SPLUNK,172.17.202.139
SPLUNK,172.17.202.125
SPLUNK,172.17.202.124
SPLUNK,172.17.202.143
SPLUNK,172.17.202.154
STIBO,172.16.202.81
STIBO,172.17.202.201
STIBO,172.17.202.22
STIBO,172.16.202.19
STIBO,172.17.202.213
STIBO,172.17.202.136
STIBO,172.17.202.129
STIBO,172.17.202.214
STIBO,172.17.211.32
STIBO,172.17.202.231
STIBO,172.17.202.249
STIBO,172.22.209.78
STIBO,172.16.202.162
STIBO,172.16.202.29
STIBO,172.16.202.236
STIBO,172.16.202.234
STIBO,172.17.202.234
Satellite,172.17.211.37
Secure Transport,172.17.211.30
Secure Transport,201.116.168.175
Secure Transport,172.17.203.61
Secure Transport,172.16.202.94
Secure Transport,201.116.168.162
Segmentación Tiendas,172.22.209.115
Sentinel,172.17.211.87
Sentinel,172.17.211.88
Sentinel,172.17.211.89
Shopping App,172.17.208.200
Shopping App,172.16.215.165
Shopping App,172.16.215.164
Shopping App,172.16.215.39
Shopping App,172.16.215.38
Shopping App,172.16.215.37
Shopping App,172.16.215.36
Shopping App,172.16.215.33
Shopping App,172.16.215.34
Shopping App,172.17.208.199
Shopping App,172.16.215.32
Shopping App,172.16.215.31
Shopping App,172.16.215.30
Shopping App,172.16.215.29
Shopping App,172.16.215.28
Shopping App,172.16.215.27
Shopping App,172.16.215.35
Shopping App,172.17.208.198
Shopping App,172.16.202.26
Shopping App,172.17.208.196
Shopping App,172.17.208.76
Shopping App,172.17.208.77
Shopping App,172.17.208.78
Shopping App,172.17.208.79
Shopping App,172.17.208.72
Shopping App,172.17.208.73
Shopping App,172.17.208.183
Shopping App,172.17.208.184
Shopping App,172.17.208.185
Shopping App,172.17.208.186
Shopping App,172.17.208.187
Shopping App,172.17.208.188
Shopping App,172.17.208.197
Shopping App,172.17.208.189
Shopping App,172.16.202.25
Shopping App,172.17.208.195
Shopping App,172.17.208.194
Sical,172.17.203.97
Sical,172.16.204.86
Sical,172.16.203.195
Sical,172.16.203.196
Sical,172.17.203.6
Sical,172.17.203.4
Sical,172.17.203.132
Sical,172.17.203.131
Sical,172.17.203.130
Sical,172.17.203.33
Sical,172.17.203.83
Sical,172.16.203.80
Solman,172.22.192.17
Solman,172.22.192.18
Solution Manager,172.16.202.59
Solution Manager,172.16.202.17
Solution Manager,172.17.203.135
Solution Manager,172.17.203.36
Solution Manager,172.17.203.10
Solution Manager,172.17.203.30
Solution Manager,172.17.203.238
Solution Manager,172.16.202.197
Solution Manager,172.16.202.198
Solution Manager,172.16.204.5
Solution Manager,172.16.204.181
Sorteos,172.16.203.86
Sorteos,201.116.168.240
Sorteos,201.116.168.226
Sorteos,201.116.168.249
Sorteos,172.17.202.251
Sorteos,172.16.203.85
Sorteos,172.17.208.201
Sorteos,172.21.202.38
Sorteos,172.16.203.87
Sorteos,172.16.215.116
Sorteos,172.16.215.115
Sorteos,172.16.202.124
Sorteos,172.16.202.144
Sorteos,172.16.215.114
Sorteos,172.16.202.62
Sorteos,172.16.202.69
Sorteos,172.27.203.78
Sorteos,172.27.203.77
Sorteos,172.16.202.63
Stand Alone,172.17.202.123
Sterling,172.16.203.69
Sterling,172.16.203.120
Sterling,172.16.203.136
Sterling,172.16.203.137
Sterling,172.16.203.153
Sterling,172.16.203.67
Sterling,172.16.203.116
Sterling,172.16.203.68
Sterling,172.16.203.152
Sterling,172.16.203.154
Sterling,172.16.203.66
Sterling,172.16.203.115
Sterling,172.16.203.151
Sterling,172.16.203.118
Sterling,172.16.203.217
Sterling,172.16.203.95
Sterling,172.16.203.96
Sterling,172.27.203.166
Sterling,172.27.203.157
Sterling,172.27.203.158
Sterling,172.27.203.118
Sterling,172.27.203.222
Sterling,172.27.203.226
Sterling,172.27.203.194
Sterling,172.27.203.221
Sterling,172.27.203.224
Sterling,172.27.203.75
Sterling,172.27.203.76
Sterling,172.27.203.73
Sterling,172.27.203.74
Sterling,172.27.203.159
Sterling,172.27.203.195
Sterling,172.27.203.192
Sterling,172.27.203.225
Sterling,172.16.203.121
Sterling,172.16.203.122
Sterling,172.16.203.79
Sterling,172.16.203.150
Sterling,172.16.203.138
Sterling,172.16.203.117
Sterling,172.16.203.94
Sterling,172.16.203.119
Sterling,172.16.203.216
Sterling,172.27.203.223
Sterling,172.27.203.220
Sterling,172.27.203.193
Sterling,172.16.203.139
Suburbia Middleware,172.21.209.30
Suburbia Middleware,172.21.209.26
Suburbia Middleware,172.21.209.34
Suburbia Middleware,172.21.209.33
Suburbia Middleware,172.21.209.25
Suburbia Middleware,172.21.209.27
Suburbia Middleware,172.21.209.28
Suburbia Middleware,172.16.213.62
Suburbia Middleware,172.16.213.61
Suburbia Middleware,172.16.213.63
Suburbia Middleware,172.16.213.64
Suburbia Middleware,172.16.213.65
Suburbia Middleware,172.16.213.66
Suburbia Middleware,172.16.213.60
Suburbia Middleware,172.21.209.29
Suburbia Middleware,172.21.209.32
Suburbia Middleware,172.21.202.29
Suburbia Middleware,172.21.202.27
Suburbia Middleware,172.21.202.28
Suburbia Middleware,172.21.202.32
Suburbia Middleware,172.21.202.33
Suburbia Middleware,172.21.202.34
Suburbia Middleware,172.21.202.30
Suburbia Middleware,172.21.209.31
Suburbia Middleware,172.21.202.35
Suburbia Middleware,172.21.202.36
Suburbia Middleware,172.21.202.37
Suburbia Middleware,172.17.211.229
Suburbia Middleware,172.17.211.230
Suburbia Middleware,172.17.208.171
Suburbia Middleware,172.21.202.31
Switch de Transacciones,172.16.202.23
Switch de Transacciones,172.16.202.125
Switch de Transacciones,172.22.209.50
TM,172.22.192.43
TM,172.22.192.48
TM,172.22.192.47
TM,172.22.192.46
TM,172.22.192.45
TM,172.22.192.44
TM,172.22.192.57
TM,172.22.192.53
TM,172.22.192.56
TM,172.22.192.55
TM,172.22.192.54
TM,172.16.202.148
TM,172.16.202.147
TM,172.22.192.58
TRIAD,172.17.208.37
TRIAD,172.17.208.38
TRIAD,172.16.215.106
TRIAD,172.16.215.111
TSM,172.22.188.89
TSM,172.17.203.178
TSM,172.27.203.151
TSM,172.21.253.206
TSM,172.22.201.206
TSM,172.17.203.177
TSM,172.22.209.24
TSM,172.16.202.97
TSM,172.16.202.200
TSM,172.16.203.106
TSM,172.22.220.34
TSM,10.16.96.35
TSM,172.27.203.240
TSM,172.17.202.37
TSM,172.17.203.200
TSM,172.17.211.109
TSM,172.17.211.106
TSM,172.17.211.105
TSM,172.17.203.67
Truesigth,172.22.209.17
Truesigth,172.22.209.16
Truesigth,172.17.211.149
Truesigth,172.17.211.148
Truesigth,172.17.211.147
Truesigth,172.17.211.146
Truesigth,172.16.202.51
Verastream,172.17.202.55
Verastream,172.22.209.111
Vpos,201.116.168.170
WAS,172.16.213.142
WAS,172.16.213.143
WAS,172.16.202.221
WAS,172.16.213.141
WAS,172.16.202.222
WAS,172.16.215.117
WAS,172.16.215.118
WAS,172.16.215.119
WAS,172.16.215.120
WAS,172.16.215.121
WAS,172.16.204.171
WAS,172.16.204.172
WAS,172.16.203.81
WAS,172.16.204.66
WAS,172.16.204.175
WAS,172.16.204.174
WAS,172.16.204.34
WAS,172.16.212.225
WAS,172.16.204.94
WAS,172.16.203.58
WAS,172.16.204.184
WAS,172.16.204.136
WAS,172.16.204.81
WAS,172.16.204.180
WAS,172.16.204.178
WAS,172.16.203.90
WAS,172.16.203.89
WAS,172.16.202.210
WAS,172.16.204.173
WAS,172.16.204.149
WAS,172.16.204.116
WAS,172.16.204.22
WAS,172.16.204.33
WAS,172.16.202.209
WAS,172.27.203.91
WAS,172.17.203.15
WAS,172.17.211.65
WAS,172.17.211.64
WAS,172.17.211.63
WAS,172.17.211.62
WAS,172.17.211.72
WAS,172.17.211.211
WAS,172.17.211.71
WAS,172.17.211.210
WAS,172.17.211.127
WAS,172.16.204.48
WAS,172.16.203.91
WAS,172.16.204.183
WAS,172.16.204.182
WAS,172.16.212.226
WAS,172.17.211.128
WAS,172.17.203.29
WAS,172.27.203.92
WAS,172.27.203.93
WAS,172.17.203.176
WAS,172.17.203.175
WAS,172.17.203.174
WAS,172.17.203.173
WAS,172.27.203.169
WAS,172.17.203.8
WAS,172.17.203.170
WAS,172.27.203.7
WAS,172.17.203.91
WAS,172.27.203.233
WAS,172.17.203.172
WAS,172.27.203.70
WAS,172.27.203.69
WAS,172.17.203.171
WAS,172.17.203.92
WAS,172.16.212.222
Warreflow,172.21.203.22
Warreflow,172.21.210.23
Warreflow,172.21.203.23
Warreflow,172.21.210.22
Was Intranet,172.16.213.161
Was Intranet,172.16.202.219
Was Intranet,172.16.202.220
Worklight,172.16.203.41
Worklight,172.16.203.42
Worklight,172.16.203.43
Worklight,172.16.203.44
Worklight,172.16.203.70
Worklight,172.16.212.188
Worklight,172.16.212.189
Worklight,172.16.212.190
Worklight,172.16.212.193
Worklight,172.16.212.192
Worklight,172.16.212.234
Worklight,172.16.212.97
Worklight,172.16.212.98
Worklight,172.16.212.99
Worklight,172.16.212.103
Worklight,172.16.212.104
Worklight,172.16.212.191
Worklight,172.16.203.38
Worklight,172.16.203.35
Worklight,172.16.203.36
Worklight,172.16.212.105
Worklight,172.17.207.32
Worklight,172.17.207.33
Worklight,172.17.207.47
Worklight,172.17.207.48
Worklight,172.17.207.49
Worklight,172.17.207.36
Worklight,172.17.207.37
Worklight,172.17.207.50
Worklight,172.17.207.51
Worklight,172.17.207.52
Worklight,172.17.207.40
Worklight,172.17.207.41
Worklight,172.16.203.32
Worklight,172.16.212.106
Worklight,172.16.203.33
Worklight,172.16.203.34
Worklight,172.16.203.37
Worklight,172.16.212.107
